state,year,dr_customers,dr_energy_savings_mwh,dr_potential_peak_mw,dr_actual_peak_mw,dr_customer_incentives_kusd,dr_other_costs_kusd,summer_peak_mw,winter_peak_mw,sales_to_ultimate_customers_mwh,sales_total_revenue_kusd,sales_total_mwh,sales_total_customers,summer_peak_per_mwh,winter_peak_per_mwh,dr_actual_peak_share_of_summer_peak,dr_potential_peak_share_of_summer_peak,log_sales_total_mwh,log_summer_peak_mw,log_dr_actual_peak_mw
AK,2015,2431.0,0.0,27.0,22.0,66.0,20.0,,,,1083422.0,6159204.0,334223.0,,,,,15.633458106380758,,3.091042453358316
AK,2016,2403.0,0.0,27.0,22.0,66.0,31.0,,,,1097719.2,6123202.0,337407.0,,,,,15.627595720280121,,3.091042453358316
AK,2017,2414.0,0.0,27.0,22.0,66.0,28.0,,,,1181288.7,6185799.0,340543.0,,,,,15.637766738973744,,3.091042453358316
AK,2018,2400.0,0.0,27.0,22.0,66.0,28.0,,,,1156012.0,5972467.0,342870.0,,,,,15.602670632842434,,3.091042453358316
AK,2019,2386.0,0.0,18.0,13.0,65.256,39.199,,,,1176356.4,5818805.0,345496.0,,,,,15.576605472164776,,2.5649493574615367
AK,2020,2306.0,0.0,18.0,0.0,64.804,65.058,,,,1172834.8,5917577.0,378330.0,,,,,15.593437632537412,,
AK,2021,2293.0,0.0,18.0,0.0,64.412,1.723,,,,1195131.9,5969339.0,349591.0,,,,,15.602146758970838,,
AK,2022,2281.0,0.0,18.0,0.0,63.6,0.0,810.9000000000001,1046.6,5285246.0,1243995.5,6002080.0,351891.0,0.00013510316423639805,0.0001743728840668568,0.0,0.02219755826859045,15.60761663378399,6.698144741950512,
AK,2023,2264.0,0.0,18.0,0.0,63.236,4.208,830.7,997.2,5361015.0,1289605.8,6024598.0,354149.0,0.00013788471861525035,0.00016552141736261906,0.0,0.021668472372697724,15.61136131312328,6.722268718845026,
AL,2015,23842.0,8926.0,2215.7,238.29999999999998,18751.0,26852.0,,,,8291792.5,88845543.0,2552741.0,,,,,18.30240994811032,,5.473530384104697
AL,2016,35245.0,7925.0,2088.7,373.4,21073.0,27833.0,,,,8436438.5,88225141.0,2574849.0,,,,,18.295402525710784,,5.922650231107622
AL,2017,31392.0,4292.0,2110.6,1315.3,1393.0,26093.0,,,,8476458.3,86241730.0,2591623.0,,,,,18.2726647252206,,7.181820055474733
AL,2018,33274.0,5702.0,2157.9,488.0,26814.0,26228.0,,,,8694404.9,90280456.0,2607911.0,,,,,18.318431560853444,,6.1903154058531475
AL,2019,35760.0,3859.71,2034.0140000000001,370.379,23427.0,26386.211,,,,8658756.1,88095112.0,2626468.0,,,,,18.293927606960846,,5.914526805700413
AL,2020,32466.0,2687.696,2112.2380000000003,347.829,22689.5,24643.084,,,,8206786.0,83395605.0,2659869.0,,,,,18.23910616809867,,5.851710979697753
AL,2021,30758.0,4253.972,2082.2960000000003,398.55,54305.258,2362.164,,,,8713441.6,85585166.0,2691639.0,,,,,18.26502253170224,,5.9878329608739325
AL,2022,32010.0,18677.636,1999.656,797.78,50283.212,1836.831,22586.5,23872.2,80420896.0,10084541.6,87027545.0,2717051.0,0.0002595327720665911,0.00027430625556540747,0.035321098886503,0.08853323888163284,18.281735235704147,10.025107661645949,6.681832870217491
AL,2023,43046.0,776.7760000000001,2023.0549999999998,44.275,55346.6,1505.5,22806.899999999998,21264.1,78012797.0,9738603.8,84880359.0,2744635.0,0.00026869466939931293,0.0002505184974535746,0.0019412984666920977,0.08870363793413397,18.25675328176153,10.03481840073778,3.790420183668897
AR,2015,47201.0,6416.0,890.5,284.1,34777.0,8582.0,,,,3804307.8000000003,46465154.0,1580234.0,,,,,17.654213213290692,,5.649326288860142
AR,2016,45477.0,59856.0,3860.8,227.2,35987.0,7040.0,,,,3753294.6,46188438.0,1595478.0,,,,,17.648240064991512,,5.4258306868469965
AR,2017,43778.0,4488.0,938.4,215.7,40574.0,4865.0,,,,3804770.1,46085951.0,1607633.0,,,,,17.646018710978694,,5.373888553395111
AR,2018,44352.0,5165.0,975.2,311.1,44236.0,6924.0,,,,3859003.9,49602708.0,1621438.0,,,,,17.719555986979,,5.740114403903592
AR,2019,43568.0,4537.525,965.044,146.695,44780.472,5293.443,,,,3952273.5,48093032.0,1630597.0,,,,,17.688647859717197,,4.988355601405174
AR,2020,42540.0,5645.5650000000005,954.39,145.403,42934.252,7689.443,,,,3815603.7,45851003.0,1647339.0,,,,,17.640907632109048,,4.979509197623844
AR,2021,40792.0,10051.96,1238.715,139.276,43584.117,8137.0,,,,4429965.399999999,48663142.0,1674284.0,,,,,17.700432463724173,,4.936457575920593
AR,2022,39822.0,8913.703,1357.852,133.865,45844.071,8449.0,13345.6,12157.5,46674114.0,4855033.2,48997663.0,1684632.0,0.000272372174158592,0.00024812407889739557,0.010030646804939456,0.10174529432921713,17.707283161059962,9.498942021487347,4.896831829432703
AR,2023,37636.0,8870.59,1090.475,169.579,46207.775,9200.939,13262.1,11323.2,45904272.0,4735966.1,48649300.0,1701942.0,0.00027260618343943286,0.0002327515503820199,0.012786738148558675,0.08222491159017048,17.700147978003564,9.492665622241208,5.1333188949366635
AZ,2015,570649.0,850998.0,603.9,543.0,0.0,3738.0,,,,7999461.2,77349416.0,3011739.0,,,,,18.163843584857887,,6.297109319933935
AZ,2016,577152.0,937276.0,2173.4,247.7,0.0,2645.0,,,,8082024.100000001,78237828.0,3051839.0,,,,,18.175263822569303,,5.512218336495314
AZ,2017,576548.0,949720.0,408.8,312.2,160.0,2857.0,,,,8259482.7,77646262.0,3093052.0,,,,,18.167673967314606,,5.743644008081332
AZ,2018,651900.0,881352.0,425.0,309.3,681.0,5432.0,,,,8500556.200000001,78346302.0,3138283.0,,,,,18.17664932718401,,5.734311679691024
AZ,2019,716741.0,997847.02,404.1,282.85,2558.0,3882.5,,,,8197120.399999999,77929170.0,3187275.0,,,,,18.171310895179168,,5.644916721789165
AZ,2020,772315.0,1038845.4,461.80600000000004,357.856,5368.8,6898.47,,,,8553103.3,81960074.0,3235165.0,,,,,18.22174278421402,,5.8801306708457775
AZ,2021,820416.0,791261.0,548.678,383.525,8719.3,7869.240000000001,,,,8711850.4,81219990.0,3296750.0,,,,,18.212671957100035,,5.949404807730837
AZ,2022,855731.0,816913.46,598.292,451.67,4677.8,9918.91,21094.5,13135.7,81499721.0,9524927.8,84196517.0,3361238.0,0.00025053886730255125,0.00015601239181901077,0.021411742397307355,0.028362464149422836,18.248664112561244,9.956767621978413,6.11295182469226
AZ,2023,146710.0,42964.185,597.296,427.605,9225.002,9851.101,22678.899999999998,13730.2,83225784.0,10470980.2,85918798.0,3420227.0,0.0002639573705395646,0.00015980437715155187,0.018854750450859614,0.02633707984073302,18.268913198869058,10.029190255783648,6.058199872253714
CA,2015,2130487.0,94447.0,4914.5,3109.4,212787.0,67302.0,,,,40284580.5,289993085.0,15596659.0,,,,,19.485367635832915,,8.04218506051564
CA,2016,2282712.0,19853.0,2698.5,1495.6,196728.0,62117.0,,,,39116326.5,286131196.0,15743677.0,,,,,19.471960990873665,,7.310282743102959
CA,2017,1901504.0,9648.0,2271.0,1439.3,190357.0,48305.0,,,,41315237.3,293582425.0,16432252.0,,,,,19.497668992558708,,7.271912163268625
CA,2018,1997361.0,24613.0,2107.4,1094.5,172857.0,54702.0,,,,42317717.3,303178968.0,17243856.0,,,,,19.52983384257189,,6.9980529169629175
CA,2019,1546067.0,4853.724999999999,1661.304,874.819,141374.858,45067.71,,,,42290064.3,317296928.0,19493512.0,,,,,19.5753485748173,,6.774017007816868
CA,2020,1552191.0,7051.819,1203.813,1039.472,115625.111,18001.626,,,,45028612.0,320898688.0,20093907.0,,,,,19.586636017570637,,6.94646817090835
CA,2021,596476.0,1339.778,1168.564,848.1880000000001,127044.03499999999,19773.761,,,,48589099.0,321866405.0,20533934.0,,,,,19.589647126113125,,6.7431023093337155
CA,2022,570685.0,2690.493,1169.639,801.5640000000001,130335.899,9136.435,83211.7,53345.6,269261425.0,56243928.0,337128362.0,21331801.0,0.0002468249764165496,0.00015823527775453078,0.009632828075859527,0.014056184406760106,19.635974311936547,11.329143241922532,6.686564819142467
CA,2023,613291.0,1524.045,1086.724,832.78,134369.563,21469.068,77581.4,53839.3,255122772.0,59555424.2,326749537.0,22113987.0,0.00023743384829953102,0.00016477238344181648,0.01073427393679413,0.014007532733361347,19.60470449348214,11.259082986719248,6.724769501642549
CN,2022,,,,,,,1719.0,3185.2,7138712.0,,,,,,,,,7.449498005382849,
CN,2023,,,,,,,1670.0,3255.0,8332804.0,,,,,,,,,7.4205789054108005,
CO,2015,22620.0,97.0,524.8,511.7,36276.0,7810.0,,,,5380050.2,54116046.0,2607518.0,,,,,17.8066412987309,,6.237738515811046
CO,2016,23659.0,22.0,507.5,21.6,33711.0,10142.0,,,,5386258.8,54802037.0,2643315.0,,,,,17.819237922760248,,3.0726933146901194
CO,2017,28505.0,63.0,477.9,459.4,33504.0,6206.0,,,,5476216.3,54830186.0,2675278.0,,,,,17.81975143967796,,6.129921290254998
CO,2018,17562.0,1575.0,499.70000000000005,208.8,34414.0,6364.0,,,,5655389.1,56450480.0,2719066.0,,,,,17.848874351623884,,5.341376856008484
CO,2019,212953.0,155.829,454.733,252.316,33192.6,6370.806,,,,5750431.4,56520823.0,2765160.0,,,,,17.850119676891854,,5.530682270203845
CO,2020,216962.0,514.127,572.5889999999999,19.337,33013.535,6945.370999999999,,,,5756867.699999999,56050264.0,2800085.0,,,,,17.841759417551636,,2.962020359068455
CO,2021,221838.0,2495.709,623.7570000000001,248.335,36750.104999999996,7308.744999999999,,,,6141929.0,56351209.0,2846998.0,,,,,17.847114253410673,,5.514778641098324
CO,2022,232183.0,5530.255,720.825,563.391,38590.145,8930.075,21297.2,16960.6,57095541.0,6667389.3,56763041.0,2886495.0,0.0003751948384865427,0.00029879653558377887,0.026453759179610462,0.03384599853501869,17.854395985283247,9.966330887657437,6.333973880873785
CO,2023,229902.0,2338.29,920.1320000000001,741.9300000000001,35806.75,7826.826,22246.8,16663.0,56789982.0,6536529.899999999,55565819.0,2930160.0,0.0004003684351345564,0.0002998785998277106,0.03334996493877772,0.04136019562364026,17.833078803987544,10.009953457026548,6.609254899094477
CT,2015,215.0,0.0,168.0,113.0,1701.0,874.0,,,,5238864.1,46474520.0,2175901.0,,,,,17.65441476338504,,4.727387818712341
CT,2016,113.0,0.0,102.5,36.1,1494.0,1827.0,,,,4988800.1,45477438.0,2163584.0,,,,,17.63272689280605,,3.586292865338835
CT,2017,78.0,0.0,83.8,40.7,1737.0,2327.0,,,,4937798.3,43752734.0,2133324.0,,,,,17.594064660243962,,3.7062280924485496
CT,2018,78.0,0.0,84.7,39.7,895.0,1102.0,,,,5309388.8,43868805.0,2108721.0,,,,,17.59671403319993,,3.681351187693145
CT,2019,4484.0,0.0,20.413,15.651,830.202,648.993,,,,5205509.2,42135824.0,2085070.0,,,,,17.556408863185812,,2.7505348127083655
CT,2020,15026.0,0.0,79.979,62.989,2390.116,1948.343,,,,5187720.0,40074583.0,2103576.0,,,,,17.506252850916045,,4.14296010797202
CT,2021,15932.0,0.0,114.957,76.284,3665.631,2220.448,,,,5082426.6,40683653.0,2000155.0,,,,,17.521336923539742,,4.334463217742272
CT,2022,26714.0,0.0,137.994,90.848,5578.855,2615.191,8175.1,6043.0,24117825.0,5852195.0,39132365.0,1909302.0,0.00020890891720957833,0.00015442460479963324,0.01111276926276131,0.016879793519345328,17.48246043192064,9.00884822810654,4.509187780290561
CT,2023,34481.0,0.0,139.488,106.728,5663.037,2985.166,7995.1,6209.0,22826602.0,6468046.600000001,39425365.0,2033258.0,0.00020279076680710504,0.00015748744494819514,0.013349176370526947,0.01744668609523333,17.48991994885549,8.986584133007218,4.670283541876505
DC,2015,25385.0,133.0,19.0,19.0,999.0,1239.0,,,,1362386.3,19341390.0,310422.0,,,,,16.777757917175126,,2.9444389791664403
DC,2016,25385.0,133.0,19.0,19.0,999.0,1239.0,,,,1336629.2,19738119.0,332096.0,,,,,16.79806229867555,,2.9444389791664403
DC,2017,25386.0,2500.0,20.8,20.8,888.0,847.0,,,,1287800.6,18936098.0,343058.0,,,,,16.756580605489983,,3.0349529867072724
DC,2018,25251.0,272.0,20.7,20.7,921.0,856.0,,,,1366728.7,19561542.0,356175.0,,,,,16.78907605381951,,3.0301337002713233
DC,2019,25268.0,272.0,20.7,20.7,927.0,619.0,,,,1353654.9,18935762.0,359589.0,,,,,16.756562861444667,,3.0301337002713233
DC,2020,25133.0,0.0,20.6,20.6,928.0,684.0,,,,1164386.3,16714366.0,368522.0,,,,,16.631779147113985,,3.0252910757955354
DC,2021,25530.0,107.0,20.9,20.9,920.0,916.0,,,,1291652.5,17099169.0,375266.0,,,,,16.654540423800814,,3.039749158970765
DC,2022,25187.0,15.681,20.662,20.662,915.6,611.223,5053.0,4222.5,11722929.0,1529685.0,16712667.0,380138.0,0.00030234552031701466,0.0002526526735678991,0.0040890560063328715,0.0040890560063328715,16.63167749286298,8.527737405291909,3.0282962644272535
DC,2023,25069.0,15.681,20.662,20.662,907.722,726.026,5094.0,3980.5,10872527.0,1630136.7,16301992.0,383715.0,0.00031247715003172616,0.00024417261399711153,0.004056144483706321,0.004056144483706321,16.606797866899086,8.535818655539403,3.0282962644272535
DE,2015,80731.0,1787.0,65.10000000000001,62.800000000000004,712.0,4591.0,,,,1284640.7,15853966.0,506235.0,,,,,16.578930247807744,,4.1399550734741535
DE,2016,270983.0,2083.0,77.4,72.4,1162.0,5204.0,,,,1248963.2,15526721.0,513180.0,,,,,16.558073033102183,,4.282206299391671
DE,2017,286047.0,1213.0,183.9,155.9,1629.0,1693.0,,,,1213568.5999999999,15373791.0,522381.0,,,,,16.548174734418687,,5.049214776063731
DE,2018,262354.0,1214.0,138.0,136.6,968.0,1472.0,,,,1242239.4,16103475.0,526379.0,,,,,16.59454564517423,,4.91705694713669
DE,2019,266120.0,1214.796,162.987,148.406,1674.42,1292.0,,,,1206867.6,15629177.0,533871.0,,,,,16.564650045860976,,4.999951761182805
DE,2020,303610.0,0.49,109.616,102.065,720.47,1383.0,,,,1139691.0,15185902.0,545814.0,,,,,16.53587805542223,,4.625609865225547
DE,2021,256550.0,1110.116,127.062,116.244,1981.62,219.0,,,,1205612.5,15581702.0,555237.0,,,,,16.56160783505908,,4.755691430232249
DE,2022,219727.0,463.51,202.526,145.702,638.121,1453.0,4838.0,4185.3,9961761.0,1364982.5,15095545.0,558004.0,0.0003204919067181741,0.0002772539845364974,0.03011616370400992,0.04186151302190988,16.529910225141737,8.484256691169973,4.981563439942911
DE,2023,310692.0,99.452,467.115,94.312,2111.358,1646.23,4831.8,4269.6,9213348.0,1423532.3,14801479.0,566270.0,0.00032644035099465397,0.0002884576602108479,0.01951901982697959,0.0966751521172234,16.510237666173865,8.482974348029554,4.546608434989826
FL,2015,1335881.0,48462.0,3651.5,608.5,237469.0,54193.0,,,,24719442.900000002,235599398.0,10166667.0,,,,,19.277643454560174,,6.410996912427582
FL,2016,1313484.0,62426.0,3655.9,597.9,213304.0,54776.0,,,,23348418.3,235721822.0,10370275.0,,,,,19.2781629474137,,6.393423515886859
FL,2017,1267416.0,43733.0,3489.2,456.4,189536.0,50714.0,,,,24286138.7,233154549.0,10529937.0,,,,,19.267212092072658,,6.123369617987921
FL,2018,1231335.0,41868.0,3461.9,491.9,213607.0,49523.0,,,,24613583.599999998,238565391.0,10673910.0,,,,,19.2901540068139,,6.198275443801294
FL,2019,1227182.0,42531.249,3136.952,246.03,218834.52000000002,42956.82,,,,25103431.3,240347955.0,10830329.0,,,,,19.297598243842835,,5.505453479716429
FL,2020,1219191.0,43346.678,1512.493,246.034,216510.18300000002,40222.33,,,,24394219.0,242440171.0,11010395.0,,,,,19.306265520376265,,5.505469737764163
FL,2021,1227336.0,54431.422000000006,1888.9759999999999,242.406,219322.505,30591.37,,,,25764326.4,241562082.0,11213090.0,,,,,19.302637066343483,,5.490614006364069
FL,2022,1211730.0,52630.182,2922.029,206.772,224177.07,32469.435,58891.1,50684.799999999996,248864390.0,31129148.5,248820803.0,11372598.0,0.0002366807730300589,0.00020370000976164358,0.0035110908099865684,0.04961749738075873,19.33224352867795,10.983445254657019,5.331616736948963
FL,2023,1191454.0,53134.486,2933.065,88.456,211907.93,32430.607,62188.0,50608.8,250800969.0,33953369.9,250940214.0,11541551.0,0.00024781998472353257,0.00020167672288667134,0.0014223966038464013,0.04716448510966746,19.34072527748896,11.03791733406963,4.482505253240101
GA,2015,225602.0,4510.0,649.0,194.89999999999998,14383.0,2464.0,,,,13069829.600000001,135878215.0,4772845.0,,,,,18.727269564579263,,5.272486606513515
GA,2016,168147.0,4970.0,682.3,218.3,13529.0,2877.0,,,,13239690.1,138112239.0,4829627.0,,,,,18.743577238638004,,5.385870263555899
GA,2017,164251.0,3495.0,644.3,192.8,11294.0,2585.0,,,,13114685.3,133456620.0,4892947.0,,,,,18.709287039178673,,5.261653382176445
GA,2018,311095.0,2162.0,772.9,185.5,12262.0,2797.0,,,,13452927.8,139866074.0,4956555.0,,,,,18.756195908440407,,5.22305488204749
GA,2019,302126.0,5203.35,689.365,250.74,12396.661,2563.922,,,,13739612.3,139300990.0,5020634.0,,,,,18.752147545688167,,5.524416545687879
GA,2020,331535.0,3410.629,1437.9569999999999,296.071,11842.002999999999,8670.125,,,,13247089.0,133470142.0,5103474.0,,,,,18.709388355359263,,5.690599290425948
GA,2021,333712.0,2700.4809999999998,1392.273,258.625,10981.782,9549.138,,,,14333226.0,137363952.0,5184829.0,,,,,18.73814454525202,,5.555379136065707
GA,2022,331246.0,3690.443,1382.4460000000001,700.656,10807.723,9196.22,52892.6,52839.9,140706337.0,17406358.0,145035204.0,5280612.0,0.00036468801050536665,0.00036432465044831464,0.013246767978885514,0.026136850901638416,18.792487057123942,10.8760187214829,6.552017039056332
GA,2023,293407.0,4770.841,1418.844,281.83,9516.133,8745.280999999999,53024.4,44597.1,139179439.0,15710905.2,142028831.0,5338141.0,0.00037333546736014465,0.0003140003313834217,0.005315100218012839,0.0267583225835653,18.771540630167944,10.878507463951607,5.64130405227947
HI,2015,36008.0,1792.0,35.2,0.2,3866.0,1386.0,,,,2488769.0,9511352.0,489710.0,,,,,16.06799659055783,,-1.6094379124341003
HI,2016,36160.0,591.0,33.5,0.2,4000.0,1342.0,,,,2254425.8,9445389.0,492578.0,,,,,16.061037243882232,,-1.6094379124341003
HI,2017,34055.0,791.0,32.6,0.2,3341.0,1352.0,,,,2428989.0,9324201.0,494970.0,,,,,16.048123836176988,,-1.6094379124341003
HI,2018,33831.0,1552.0,34.4,2.7,4305.0,1206.0,,,,2725018.1,9337161.0,496741.0,,,,,16.049512802543276,,0.9932517730102834
HI,2019,33514.0,929.85,34.8,1.7,3834.891,1010.0,,,,2714942.2,9452887.0,499053.0,,,,,16.061830755458995,,0.5306282510621704
HI,2020,34162.0,572.942,35.913000000000004,0.0,3528.4759999999997,1129.2530000000002,,,,2423237.8,8796761.0,502552.0,,,,,15.989894143512897,,
HI,2021,36737.0,1732.241,35.522999999999996,0.0,3587.042,1117.788,,,,2708220.9,8936482.0,504287.0,,,,,16.005652557399163,,
HI,2022,32501.0,2977.881,34.047,0.0,3294.097,1180.17,1513.5,1483.8,8812008.0,3590349.3000000003,9039115.0,505812.0,0.00016743895834935168,0.00016415323845310077,0.0,0.022495540138751238,16.017071829345927,7.322180128461773,
HI,2023,33807.0,3642.792,33.088,0.0,4277.372,1103.773,1513.3,1438.2,8693061.0,3445841.6,8927252.0,507133.0,0.0001695146501969475,0.0001611022070397475,0.0,0.021864798784114188,16.004619178731367,7.32204797569298,
IA,2015,160082.0,631.0,711.4,117.0,40222.0,3250.0,,,,3935801.6999999997,47147293.0,1591789.0,,,,,17.668787152882324,,4.762173934797756
IA,2016,165496.0,1465.0,860.6,595.4,45019.0,3327.0,,,,4142679.6999999997,48431193.0,1602439.0,,,,,17.69565464756765,,6.389233448581676
IA,2017,161874.0,1741.0,751.0,427.8,43966.0,4751.0,,,,4272972.4,48921997.0,1621288.0,,,,,17.705737689699856,,6.0586557966483054
IA,2018,142605.0,863.0,750.4,591.7,44847.0,5381.0,,,,4565702.0,51210655.0,1633349.0,,,,,17.751458173827547,,6.382999749682648
IA,2019,152806.0,1095.275,765.319,211.529,34318.959,6487.727,,,,4635849.2,51043148.0,1643278.0,,,,,17.74818187221484,,5.354362104926059
IA,2020,140438.0,1023.591,637.75,371.731,31590.202999999998,6403.813,,,,4543133.3,50639862.0,1656655.0,,,,,17.740249610678,,5.918170474417446
IA,2021,135608.0,6151.353999999999,733.388,412.822,30500.482,6892.594,,,,4830643.6,52893269.0,1673471.0,,,,,17.78378664865721,,6.023016507320891
IA,2022,148242.0,3782.781,762.276,427.967,31768.385,7682.528,10911.0,9761.8,58747483.0,5187407.5,54203955.0,1680950.0,0.00020129527448688937,0.0001800938695340589,0.03922344423059298,0.06986307396205664,17.808264434227365,9.297526733655099,6.059046089805484
IA,2023,152100.0,8753.35,798.93,492.77399999999994,31948.283999999996,6914.143,11456.5,9183.3,58215709.0,5122390.100000001,54400259.0,1696020.0,0.00021059642381482044,0.00016880985805600666,0.04301261292715925,0.06973595775324051,17.81187947284425,9.346312533499397,6.200050651087206
ID,2015,31093.0,0.0,497.0,182.3,10015.0,2090.0,,,,1864722.4000000001,23058814.0,835429.0,,,,,16.95355864043313,,5.205653681684617
ID,2016,30536.0,11.0,619.6,167.60000000000002,7064.0,6191.0,,,,1864602.4999999998,23062961.0,849763.0,,,,,16.95373846872513,,5.121580188047983
ID,2017,30483.0,54.0,619.2,151.9,6986.0,4843.0,,,,1964824.6,23793790.0,864671.0,,,,,16.984935180225268,,5.023222409601727
ID,2018,28463.0,0.0,601.4,150.6,7152.0,4482.0,,,,1940938.5999999999,23753508.0,882782.0,,,,,16.983240782800735,,5.014627315365793
ID,2019,26100.0,0.0,555.04,421.12,6997.08,4620.0,,,,1891965.5999999999,23985275.0,904471.0,,,,,16.992950658351845,,6.042917828696898
ID,2020,24803.0,0.0,516.1,292.134,6533.0,4468.284,,,,1953366.3,24461352.0,926025.0,,,,,17.012604960612354,,5.677212601113583
ID,2021,23091.0,0.0,525.74,413.57000000000005,7134.08,4571.081,,,,2065218.0999999999,25285616.0,952718.0,,,,,17.045746254469584,,6.024826786714383
ID,2022,21292.0,0.0,440.1,298.77,8311.4,4695.314,4116.2,3097.3,18741169.0,2229658.3,26201131.0,975172.0,0.00015710008854197935,0.00011821245426390182,0.07258393664059083,0.10691900296389875,17.081313135738547,8.32268568663836,5.6996740466116576
ID,2023,21270.0,0.0,458.29999999999995,323.43,8955.1,2386.031,4167.2,3214.1,18405542.0,2331288.2,25673977.0,996893.0,0.0001623122120893074,0.00012518901921583866,0.07761326550201575,0.10997792282587829,17.060988468778667,8.334999626430982,5.778982707219137
IL,2015,99455.0,320.0,1433.1,139.0,5142.0,2047.0,,,,13032639.4,231692341.0,8547444.0,,,,,19.260920933180813,,4.9344739331306915
IL,2016,104791.0,357.0,1368.7,146.5,5492.0,2352.0,,,,13230924.799999999,232866174.0,8158126.0,,,,,19.265974486006765,,4.987025428457122
IL,2017,109665.0,260.0,1126.7,139.1,6007.0,2757.0,,,,13019747.8,225008399.0,8006720.0,,,,,19.231648288360876,,4.935193098929397
IL,2018,111711.0,408.0,1113.2,138.6,6149.0,2851.0,,,,13696108.200000001,233030633.0,7995778.0,,,,,19.26668047499128,,4.931592086755803
IL,2019,438683.0,1190.56,1246.11,197.507,8958.082,5064.275000000001,,,,13228026.8,226196461.0,7984338.0,,,,,19.236914476077395,,5.285774026751062
IL,2020,414115.0,1346.99,1129.638,203.626,11156.118,5459.847,,,,12915095.6,214353366.0,7896349.0,,,,,19.18313645417398,,5.316284977898487
IL,2021,407370.0,3603.947,1149.068,179.31799999999998,6878.752,4988.362,,,,13754305.5,218882390.0,7828098.0,,,,,19.204045111563993,,5.189160765979446
IL,2022,439667.0,614.117,1159.264,179.851,4613.136,6177.306,29362.0,21342.0,65769127.0,16223477.1,215265497.0,7510359.0,0.00013639900685059623,9.914268797103141e-05,0.006125298004223146,0.03948177917035624,19.187382694034813,10.287456600299405,5.192128730315222
IL,2023,430032.0,865.6,1171.137,161.39,4139.185,5478.172,30939.8,22432.8,64058665.0,15341812.4,207217893.0,7439875.0,0.00014931046519230847,0.00010825706060045692,0.005216258670062508,0.037852119276789116,19.14928142079873,10.339798659982053,5.083823796047731
IN,2015,186674.0,6187.0,1195.2,444.7,5234.0,4836.0,,,,9399292.8,104514518.0,3173549.0,,,,,18.464836547949172,,6.097399897516651
IN,2016,168420.0,119.0,974.8,257.6,4971.0,3836.0,,,,9557455.700000001,103704821.0,3190277.0,,,,,18.457059161993772,,5.551407994230199
IN,2017,173152.0,3320.0,1237.3,366.6,4807.0,4319.0,,,,9673170.9,98965968.0,3204023.0,,,,,18.410286591424928,,5.904271335405605
IN,2018,172914.0,754.0,757.7,161.4,5236.0,4515.0,,,,10161425.0,104194376.0,3235852.0,,,,,18.46176871269834,,5.083885755835849
IN,2019,131066.0,2251.477,875.687,317.691,4680.436,1886.485,,,,10113764.6,102104203.0,3264628.0,,,,,18.441504447811614,,5.76107921226231
IN,2020,185665.0,1882.3,1013.157,219.094,5199.7919999999995,4942.278,,,,9633660.8,97155744.0,3303115.0,,,,,18.391825857104237,,5.389500861470633
IN,2021,193962.0,5610.787,761.957,125.419,6536.79,14241.178,,,,10332045.2,99740046.0,3332419.0,,,,,18.41807781928126,,4.8316601318730745
IN,2022,211105.0,9240.572,1007.7139999999999,140.159,7419.152,6366.956999999999,25532.3,23197.7,96208061.0,11665977.8,100044365.0,3377688.0,0.0002552097761827965,0.00023187412904265023,0.005489478033706325,0.039468203021271096,18.421124295568802,10.147699596267751,4.942777492459433
IN,2023,209682.0,1370.231,992.812,254.413,8489.723,6943.063,25727.5,20721.3,92397677.0,11030747.0,95995350.0,3409561.0,0.00026800777329318557,0.00021585733058945042,0.009888757166456126,0.03858952482751919,18.379810310758977,10.155315737710247,5.538958930789305
KS,2015,123250.0,89.0,369.09999999999997,49.7,6800.0,2182.0,,,,4041757.8000000003,39849127.0,1484396.0,,,,,17.500611055808715,,3.906004933102583
KS,2016,89542.0,101.0,367.5,55.8,7365.0,2002.0,,,,4282503.7,40810174.0,1509501.0,,,,,17.524441971033767,,4.021773869387265
KS,2017,89043.0,109.0,337.5,45.6,7990.0,1433.0,,,,4270107.600000001,40287787.0,1515626.0,,,,,17.51155892887816,,3.8199077165203406
KS,2018,89058.0,217.0,304.7,17.3,7707.0,1530.0,,,,4504726.4,42036979.0,1524320.0,,,,,17.554060241257755,,2.8507065015037334
KS,2019,85838.0,185.34,372.81600000000003,39.554,8373.15,831.796,,,,4223724.0,41159628.0,1534421.0,,,,,17.532968430988408,,3.6776668268998334
KS,2020,64208.0,0.0,209.92800000000003,1.0,3538.36,542.78,,,,4097673.1,39483946.0,1542941.0,,,,,17.491404716876392,,0.0
KS,2021,62650.0,0.0,185.643,33.555,3809.15,544.13,,,,4241403.4,40491786.0,1558354.0,,,,,17.516609696692246,,3.513185883610203
KS,2022,66714.0,0.0,162.262,37.247,3935.38,512.7,9068.1,6635.3,30932569.0,4811664.8,41961065.0,1567086.0,0.0002161074796361818,0.00015812992353745074,0.004107475656421962,0.017893715331767403,17.552252722485807,9.112518039356646,3.6175714046695457
KS,2023,61265.0,0.0,106.563,1.0,3681.75,468.73,9354.9,6753.1,30285505.0,4434581.0,41052008.0,1576427.0,0.00022787923065785233,0.0001645010884729439,0.00010689585137200825,0.011391142609755316,17.530350308622516,9.143655549180187,0.0
KY,2015,219554.0,18963.0,604.9,219.5,21181.0,2823.0,,,,6189454.9,76038630.0,2253922.0,,,,,18.14675205858895,,5.391352232515226
KY,2016,200210.0,11565.0,401.4,225.1,12907.0,11014.0,,,,6275621.5,74553575.0,2266536.0,,,,,18.12702855241827,,5.4165447479126865
KY,2017,194262.0,1490.0,421.09999999999997,216.3,6951.0,8885.0,,,,6226850.4,72634387.0,2282469.0,,,,,18.100949017795948,,5.376666332959013
KY,2018,176949.0,1814.0,724.9,473.6,25146.0,5415.0,,,,6524890.4,76610636.0,2292376.0,,,,,18.154246476246822,,6.160363083569796
KY,2019,168826.0,975.415,1090.69,824.07,23733.33,4234.282,,,,6484356.0,75345382.0,2307114.0,,,,,18.13759319383282,,6.714255477757612
KY,2020,166675.0,979.37,574.231,215.21,22790.839,4733.571,,,,6162956.5,71800399.0,2331906.0,,,,,18.089400591106077,,5.371614295609493
KY,2021,166181.0,1261.54,1510.757,1222.499,110185.911,3806.3199999999997,,,,6797699.9,74516986.0,2354805.0,,,,,18.126537657361737,,7.1086524033527825
KY,2022,166732.0,15287.44,854.8000000000001,302.7,38685.0,3668.4080000000004,17083.5,18584.5,64495439.0,7919667.8,75338742.0,2369187.0,0.00022675584362690846,0.00024667919196208504,0.017718851523399772,0.05003658500892674,18.137505062451385,9.745868364382515,5.712742216027673
KY,2023,151352.0,124.845,720.372,10.038,45601.999,2435.727,16501.9,16421.8,61045008.0,7095898.9,71223021.0,2386024.0,0.00023169334533001628,0.00023056870895717832,0.0006082935904350408,0.043653882280222274,18.081326652774447,9.711230804774397,2.3063778912327417
LA,2015,9.0,24.0,0.4,0.4,3.0,0.0,,,,7011339.0,91676489.0,2361577.0,,,,,18.333776513949566,,-0.916290731874155
LA,2016,326.0,31.0,7.1,7.1,14.0,426.0,,,,6824526.7,91452659.0,2368711.0,,,,,18.331332008376265,,1.9600947840472698
LA,2017,327.0,10.0,0.5,0.5,14.0,67.0,,,,7104647.2,91205935.0,2384631.0,,,,,18.328630529681547,,-0.6931471805599453
LA,2018,737.0,5.0,2.4,2.4,25.0,743.0,,,,7262710.1,94186072.0,2397366.0,,,,,18.360782872988544,,0.8754687373538999
LA,2019,1152.0,13.0,3.1999999999999997,3.1999999999999997,69.0,746.0,,,,7178849.5,93128525.0,2409993.0,,,,,18.34949108629661,,1.1631508098056809
LA,2020,14360.0,16.0,349.57,1.28,811.6750000000001,1309.807,,,,6696981.0,89126685.0,2428427.0,,,,,18.30556934255087,,0.2468600779315258
LA,2021,13562.0,363.028,318.278,2.901,27544.937,969.27,,,,8007772.7,90819346.0,2443808.0,,,,,18.324382882551117,,1.065055505139267
LA,2022,15751.0,2713.365,352.13,6.0,32983.737,1335.005,17590.3,16283.8,87441649.0,9904900.1,95138998.0,2447545.0,0.00018489053248174845,0.0001711579934865406,0.00034109708191446426,0.020018419242423383,18.370849517065146,9.775102892731136,1.791759469228055
LA,2023,17118.0,2719.0519999999997,332.28200000000004,7.63,1025.384,1375.785,18375.3,15406.1,87936570.0,8493556.4,95374457.0,2456630.0,0.00019266479283861087,0.0001615327676256128,0.0004152313159513042,0.018083078915718385,18.37332135423683,9.818762650478373,2.0320878452963655
MA,2015,2080.0,63.0,25.9,14.4,98.0,25.0,,,,9232155.8,82840821.0,3981885.0,,,,,18.23243150511372,,2.667228206581955
MA,2016,2608.0,81.0,30.6,21.3,422.0,308.0,,,,8812097.0,84152344.0,4241408.0,,,,,18.24813933323394,,3.0587070727153796
MA,2017,2717.0,91.0,22.0,9.9,65.0,77.0,,,,8991052.9,83129110.0,4319420.0,,,,,18.23590549932702,,2.2925347571405443
MA,2018,2831.0,116.0,89.89999999999999,83.5,183.0,486.0,,,,9859898.6,85100639.0,4526604.0,,,,,18.259345102328574,,4.42484663185681
MA,2019,10851.0,79.834,82.628,49.212,1791.315,911.211,,,,9445492.3,81747249.0,4559699.0,,,,,18.21914271579927,,3.8961374961979227
MA,2020,18784.0,67.318,134.60299999999998,72.932,4022.0910000000003,2138.2129999999997,,,,9098394.2,80632023.0,4677681.0,,,,,18.205406436263363,,4.289527500176958
MA,2021,23078.0,52.23,130.85199999999998,96.395,7130.1,3749.059,,,,9679996.2,83421399.0,4949906.0,,,,,18.23941541715107,,4.568454333051432
MA,2022,34278.0,36.495000000000005,103.653,91.114,6186.652,3746.26,6681.099999999999,4893.4,10208243.0,10843131.9,83948328.0,5057140.0,7.958586143609674e-05,5.829061896265521e-05,0.013637574650880845,0.01551436140755265,18.24571202467245,8.807037923632649,4.512111469736486
MA,2023,39602.0,45.196,81.888,69.811,8800.436,4463.375,6250.0,4965.7,9732643.0,11606549.6,83468074.0,5145494.0,7.487892915799159e-05,5.949220776317422e-05,0.01116976,0.01310208,18.239974769402327,8.740336742730447,4.2457915904750445
MD,2015,670538.0,32271.0,784.7,333.1,45636.0,56414.0,,,,7458463.6,94438986.0,3068933.0,,,,,18.363464533148086,,5.808442745199634
MD,2016,1040471.0,33694.0,900.6,489.2,51088.0,60198.0,,,,7492166.3,93376015.0,3093320.0,,,,,18.352145071505433,,6.192771403813017
MD,2017,858952.0,36623.0,928.8,538.1,52188.0,63286.0,,,,7106149.4,90425367.0,3124617.0,,,,,18.320035394406307,,6.288044416495374
MD,2018,865656.0,37305.0,868.5000000000001,558.1,46919.0,33605.0,,,,7181985.2,93865965.0,3143360.0,,,,,18.357378418410068,,6.324538157794388
MD,2019,1286598.0,38620.275,661.837,264.199,53771.578,31660.287,,,,6823282.0,91318588.0,3152507.0,,,,,18.32986491739507,,5.5767026070697066
MD,2020,1514278.0,36739.053,648.798,262.654,45122.413,24297.712,,,,6425624.8,85815080.0,3163663.0,,,,,18.267705306590393,,5.570837576676732
MD,2021,1519981.0,4679.755,851.489,497.40000000000003,44577.675,23734.027000000002,,,,6809666.3,87722830.0,3163412.0,,,,,18.28969274273547,,6.209394531369305
MD,2022,1284049.0,1245.6109999999999,838.712,486.128,35866.002,20767.715,7718.7,7045.3,154597510.0,7950262.9,87263847.0,3142588.0,8.845243781196123e-05,8.073561093404466e-05,0.06298055372018604,0.10865974840322852,18.284446811325584,8.951401235056613,6.186471963709119
MD,2023,1580740.0,626.3019999999999,769.328,307.28200000000004,41013.524999999994,22731.743,7595.3,6422.5,153326908.0,8179068.4,83588048.0,3110109.0,9.086586158825004e-05,7.683514753209694e-05,0.04045686148012587,0.10129000829460323,18.241411101327067,8.935284913920619,5.727765892738155
ME,2015,,,,,,,,,,1519429.6,18049969.0,978869.0,,,,,16.708654525290164,,
ME,2016,,,,,,,,,,1465210.0000000002,17091012.0,940807.0,,,,,16.65406326925432,,
ME,2017,,,,,,,,,,1459883.6,16399857.0,939759.0,,,,,16.612783173244217,,
ME,2018,,,,,,,,,,1659896.5999999999,18146766.0,923257.0,,,,,16.714002920980686,,
ME,2019,,,,,,,,,,1646968.3,16947596.0,914504.0,,,,,16.645636552823508,,
ME,2020,,,,,,,,,,1536848.8,16340188.0,909349.0,,,,,16.6091381528379,,
ME,2021,,,,,,,,,,1616675.0,16651874.0,909524.0,,,,,16.628033320609717,,
ME,2022,23.0,0.0,11.0,7.491,262.185,31.985,2003.3,2029.7,7106767.0,2071566.1,16941089.0,922101.0,0.00011825095777491045,0.00011980929915426335,0.0037393301053262116,0.005490939949084011,16.64525253083623,7.602551099787607,2.013702299965746
ME,2023,23.0,0.0,11.0,7.491,262.185,237.538,1944.0,2051.7,6713055.0,2362326.4,16128628.0,932426.0,0.00012053102098951009,0.00012720858835605855,0.003853395061728395,0.00565843621399177,16.596106387587213,7.572502985020384,2.013702299965746
MI,2015,9884.0,1.0,145.5,41.4,6403.0,42.0,,,,11023223.0,111784933.0,4827956.0,,,,,18.532087342161464,,3.7232808808312687
MI,2016,339681.0,181.0,768.3000000000001,98.0,5661.0,419.0,,,,11543053.2,113583940.0,4861720.0,,,,,18.54805268101775,,4.584967478670572
MI,2017,385446.0,240.0,781.6,97.7,9311.0,14935.0,,,,11496486.1,110806055.0,4899301.0,,,,,18.52329197879875,,4.581901559048737
MI,2018,413862.0,1359.0,1015.3,184.6,15338.0,12148.0,,,,11954043.6,113740267.0,4920468.0,,,,,18.54942804729929,,5.218191322068752
MI,2019,467113.0,1171.7,1337.4,474.2,21614.642,11374.884,,,,11700910.5,110160862.0,4940387.0,,,,,18.517452237335903,,6.161629173631305
MI,2020,519677.0,2161.8,1467.3,287.18,21215.783000000003,30063.829,,,,11846541.7,104957238.0,4980840.0,,,,,18.469063568027227,,5.660109196866231
MI,2021,576600.0,3655.306,1436.8,604.266,21956.129999999997,39529.21,,,,12910015.2,108452840.0,5020121.0,,,,,18.501825982077314,,6.404014498339357
MI,2022,600884.0,1291.66,1656.6419999999998,139.82,30844.869,53564.871,45666.0,31069.1,87155171.0,13286355.1,109512414.0,5041138.0,0.000416993821358006,0.00028370390958599453,0.0030617965225769716,0.036277361713309676,18.511548470657967,10.729109317495446,4.940355881083839
MI,2023,690881.0,2221.62,1285.213,10.27,42194.161,38767.064,44187.4,29800.3,83128384.0,13351332.0,106145475.0,5066918.0,0.00041629094410289275,0.0002807496033156383,0.00023241919642250956,0.029085508538633183,18.480321116848824,10.696194959552917,2.329227023940467
MN,2015,797192.0,31030.0,1426.5,594.3,85990.0,11346.0,,,,6346337.6,66579234.0,2673531.0,,,,,18.013903285088528,,6.387384242372615
MN,2016,820112.0,40453.0,2299.1,1312.0,42398.0,13779.0,,,,6645626.0,66546492.0,2679251.0,,,,,18.013411389169626,,7.179307969504034
MN,2017,821819.0,36665.0,2132.8,695.4,68613.0,14971.0,,,,6897622.2,67152580.0,2705012.0,,,,,18.022477901639963,,6.544487219573761
MN,2018,835588.0,41751.0,1877.8000000000002,568.5,70863.0,16325.0,,,,7121913.7,68708382.0,2725247.0,,,,,18.045381758483742,,6.343001313190591
MN,2019,831625.0,33118.173,2131.531,608.5550000000001,43556.089,15476.706,,,,6915058.399999999,66965594.0,2755105.0,,,,,18.019689523069403,,6.411087294538559
MN,2020,797871.0,35730.135,1952.803,447.49,44318.471,17424.506,,,,6768405.8,64054606.0,2777498.0,,,,,17.97524649628974,,6.103654191096511
MN,2021,802403.0,52786.106999999996,1883.686,843.47,49960.0,17679.295000000002,,,,7379007.1,66589168.0,2812142.0,,,,,18.014052479640227,,6.737524335259877
MN,2022,795929.0,49565.988,1842.943,1249.4489999999998,51793.592000000004,17895.130999999998,19478.3,15739.9,73774919.0,8022983.0,66635430.0,2840595.0,0.00029231146253577115,0.00023620917580932546,0.06414569033231853,0.09461518715699009,18.01474697604035,9.877056304394525,7.130457933115467
MN,2023,774203.0,45786.524000000005,1567.753,923.2760000000001,42133.252,16190.387999999999,20155.2,15319.9,74697458.0,8087566.9,66215800.0,2869211.0,0.000304386566348213,0.00023136320938507124,0.04580832737953481,0.07778404580455664,18.008429663124783,9.91121759859804,6.827928214722555
MO,2015,67523.0,3093.0,130.3,18.4,1195.0,4245.0,,,,7695600.5,81504081.0,3118394.0,,,,,18.21616365057708,,2.91235066461494
MO,2016,71090.0,2976.0,150.6,15.5,1452.0,3645.0,,,,7660521.9,78618056.0,3138342.0,,,,,18.180111951119592,,2.740840023925201
MO,2017,88375.0,18804.0,195.5,17.3,3058.0,9402.0,,,,7672171.5,76461419.0,3160950.0,,,,,18.152296844783844,,2.8507065015037334
MO,2018,77506.0,1557.0,175.2,15.9,18025.0,8024.0,,,,8148135.5,82055835.0,3185039.0,,,,,18.222910488145484,,2.766319109226186
MO,2019,92055.0,4212.732,199.56,14.685,19673.779,12461.626,,,,7636141.3,78857775.0,3206748.0,,,,,18.183156471458272,,2.6868265646505836
MO,2020,105140.0,5130.505,256.275,12.075000000000001,3893.652,11381.330000000002,,,,7296708.1,75725712.0,3231900.0,,,,,18.142628317276422,,2.4911371995386364
MO,2021,100052.0,2947.794,298.08,142.202,4571.161,14345.476,,,,7660799.3,77763041.0,3267070.0,,,,,18.169176824862067,,4.957248581967843
MO,2022,122218.0,3036.875,292.204,147.014,6418.595,12229.179,34929.6,35326.4,91986175.0,8237250.3,80306260.0,3290950.0,0.0004349548839654592,0.00043989596825951054,0.004208865832989786,0.008365512344830746,18.20135813353723,10.461089886260933,4.990527820339115
MO,2023,112598.0,3884.801,305.088,5.423,9463.977,11978.784,35925.5,29797.8,88171206.0,8370202.399999999,76975799.0,3315356.0,0.00046671162192158603,0.00038710608252341753,0.0001509512741645906,0.008492240887391965,18.15900163171447,10.489202628734855,1.6906491678589237
MS,2015,135.0,2756.0,932.9,278.3,21939.0,265.0,,,,4642633.4,48691529.0,1512645.0,,,,,17.70101563041793,,5.628699668531845
MS,2016,146.0,627.0,719.6,183.0,20624.0,249.0,,,,4253328.4,49050164.0,1522715.0,,,,,17.70835408749707,,5.209486152841421
MS,2017,146.0,629.0,864.6,173.0,1627.0,329.0,,,,4348025.1,47828787.0,1530979.0,,,,,17.683138254682582,,5.153291594497779
MS,2018,136.0,978.0,898.4,197.0,22083.0,285.0,,,,4655357.1,50390068.0,1538140.0,,,,,17.735304650129972,,5.2832037287379885
MS,2019,71.0,759.0,538.363,74.0,21264.19,211.0,,,,4542721.3,48951026.0,1541423.0,,,,,17.706330886884565,,4.30406509320417
MS,2020,68.0,699.0,485.663,67.6,18421.19,207.0,,,,4241685.6,46482040.0,1555862.0,,,,,17.654576559389895,,4.213607983048918
MS,2021,1633.0,1265.4389999999999,444.26300000000003,62.1,22051.76,672.0,,,,4563056.1,48015364.0,1573880.0,,,,,17.68703160098976,,4.128745988939433
MS,2022,3891.0,23711.028,610.601,500.03000000000003,28374.65,599.816,11783.3,11556.7,43410297.0,5076495.8,48979533.0,1585347.0,0.00024057599732525012,0.00023594957510109378,0.04243548072271775,0.05181918477845765,17.706913074938964,9.374438553798294,6.214668096622264
MS,2023,8798.0,1797.5529999999999,597.171,234.51,20992.16,576.978,12483.1,10111.4,43089847.0,5301619.2,48421762.0,1592333.0,0.00025779937541306323,0.00020881933210113254,0.01878619894096819,0.047838357459284955,17.69545989873361,9.432131008513782,5.457498230900349
MT,2015,839.0,96.0,4.2,0.2,164.0,499.0,,,,1264286.5,16928807.0,605857.0,,,,,16.64452728499914,,-1.6094379124341003
MT,2016,1288.0,96.0,14.799999999999999,3.0,207.0,263.0,,,,1246311.7,16835494.0,613357.0,,,,,16.63899995377614,,1.0986122886681098
MT,2017,2196.0,96.0,24.900000000000002,12.7,325.0,490.0,,,,1312209.1,17490106.0,620794.0,,,,,16.67714590758248,,2.5416019934645457
MT,2018,2868.0,96.0,43.800000000000004,21.7,822.0,703.0,,,,1312278.5,17875027.0,628583.0,,,,,16.698915157032715,,3.077312260546414
MT,2019,3098.0,179.994,50.366,45.531,908.24,343.461,,,,1382493.5,18712536.0,637242.0,,,,,16.744704231555865,,3.8183934126460186
MT,2020,2958.0,0.0,51.435,17.14,903.9100000000001,342.662,,,,1332249.8,17503794.0,645214.0,,,,,16.67792821539602,,2.8414149131696336
MT,2021,2940.0,0.0,51.242999999999995,22.12,910.4759999999999,341.475,,,,1421431.8,17807430.0,656267.0,,,,,16.69512634389894,,3.096482176654134
MT,2022,2902.0,0.0,48.763,21.532,857.4760000000001,316.53200000000004,4120.4,4608.8,9572164.0,1553469.8,18577704.0,667721.0,0.00022179274683243957,0.00024808232492023774,0.005225706242112417,0.01183453062809436,16.737472709978903,8.323705525009538,3.069540200698711
MT,2023,2837.0,0.0,36.793,14.457,825.1400000000001,296.334,4464.3,4853.0,9551214.0,1700217.3,18565686.0,677912.0,0.00024045973846589886,0.0002613962123457221,0.0032383576372555607,0.008241605626861994,16.736825596162994,8.403867706104114,2.6711787263263056
NAN,2023,,,,,,,236.5,163.8,1159321.0,,,,,,,,,5.465948207931988,
NC,2015,445337.0,14211.0,1897.8999999999999,1223.8,36739.0,15951.0,,,,12547119.0,133847523.0,5012181.0,,,,,18.712211821969337,,7.10971605102844
NC,2016,319986.0,9140.0,1458.1000000000001,524.4,28797.0,14846.0,,,,12361600.0,134404319.0,5106195.0,,,,,18.71636312095366,,6.262254751889545
NC,2017,341152.0,11102.0,1479.3,539.2,24883.0,16714.0,,,,11880971.299999999,131421319.0,5179052.0,,,,,18.69391889590775,,6.290086559598097
NC,2018,188234.0,7828.0,1091.6000000000001,655.1,32235.0,17495.0,,,,12796898.8,138287404.0,5252119.0,,,,,18.74484471511915,,6.48478789573783
NC,2019,391947.0,10498.289,1589.75,503.052,30466.200999999997,13284.0,,,,12892934.3,136435531.0,5336315.0,,,,,18.73136276065404,,6.220693544478094
NC,2020,758999.0,9090.201,1933.944,547.7189999999999,31188.143999999997,13532.98,,,,12293459.7,130390980.0,5415139.0,,,,,18.686048033285207,,6.305762381711983
NC,2021,779667.0,10073.810000000001,1917.815,486.848,50018.023,25719.902,,,,12612203.0,135693077.0,5515686.0,,,,,18.725906106554536,,6.187951959374836
NC,2022,665205.0,12135.279,1565.881,498.528,41372.712,21498.449,44301.5,42553.5,160534671.0,13363387.6,139206761.0,5604341.0,0.00031824244513526176,0.00030568558376270244,0.011253072695055473,0.035346004085640446,18.75147087508739,10.698773815505135,6.211659756330018
NC,2023,665695.0,7195.900000000001,1870.9959999999999,418.37,36844.527,24030.124,44173.600000000006,40615.0,153476742.0,14124682.1,133091108.0,5706488.0,0.00033190496843711007,0.00030516689364401415,0.009471041527065939,0.04235552456670952,18.706544474221563,10.695882604552132,6.036366208459181
ND,2015,35443.0,30156.0,726.9000000000001,239.60000000000002,19937.0,1679.0,,,,1586227.0,18128948.0,450869.0,,,,,16.713020555675186,,5.478970866241294
ND,2016,34058.0,26816.0,689.5,230.0,15582.0,1545.0,,,,1655454.3,18520188.0,459946.0,,,,,16.734371938318688,,5.438079308923196
ND,2017,33868.0,32813.0,794.8,231.0,19951.0,1716.0,,,,1767922.8,20140426.0,463336.0,,,,,16.818239596967437,,5.442417710521793
ND,2018,38968.0,36192.0,802.4000000000001,236.0,20923.0,1853.0,,,,1842372.9,20669506.0,466729.0,,,,,16.844170032001287,,5.4638318050256105
ND,2019,39603.0,24051.804,806.689,277.084,21566.539,2054.808,,,,1908489.8,21559255.0,470196.0,,,,,16.88631574867706,,5.624320709314097
ND,2020,57946.0,26177.708000000002,830.7940000000001,296.072,5978.652999999999,2175.633,,,,1861429.5,21819452.0,473273.0,,,,,16.898312423480036,,5.690602667988462
ND,2021,58254.0,49874.895,827.1579999999999,338.039,3563.936,1376.484,,,,1977346.3,22863107.0,477494.0,,,,,16.94503512135615,,5.8231612734421105
ND,2022,56959.0,54596.636,915.1779999999999,444.576,3079.949,1588.705,8850.0,9830.7,21128615.0,2139310.4,25392877.0,478412.0,0.00034852293420710066,0.0003871440010519486,0.050234576271186444,0.10340994350282484,17.049979259589193,9.088172738001974,6.097121018966451
ND,2023,55941.0,17665.4,719.4300000000001,264.621,2704.955,1450.0610000000001,9554.1,9909.7,23736621.0,2263487.3,28202179.0,482330.0,0.00033877169561968954,0.0003513806504100269,0.027697114327880173,0.07530065626275631,17.154909802426754,9.16472566071531,5.578298613610979
NE,2015,58388.0,5669.0,725.4,352.2,7076.0,2811.0,,,,2626775.9,29495073.0,1036316.0,,,,,17.19973379041201,,5.864199196062105
NE,2016,64198.0,22072.0,776.3,497.9,9054.0,2232.0,,,,2732219.9,30199354.0,1045463.0,,,,,17.223331091387838,,6.210399253648137
NE,2017,65283.0,23172.0,897.2,552.2,16433.0,1974.0,,,,2755770.1,30359007.0,1055516.0,,,,,17.22860380244692,,6.3139102994960545
NE,2018,69721.0,14228.0,922.8000000000001,385.4,9459.0,2471.0,,,,2791727.3,30939492.0,1065615.0,,,,,17.24754398409916,,5.954281755980266
NE,2019,73852.0,12624.16,1061.224,435.508,9232.322,1838.663,,,,2759153.9,30383190.0,1071637.0,,,,,17.229400052911082,,6.076513165813848
NE,2020,65319.0,608.568,628.088,366.984,5899.24,1482.941,,,,2796998.8,31171536.0,1082840.0,,,,,17.255015928681463,,5.90531825037396
NE,2021,68542.0,4819.866,737.402,381.842,5856.197,1592.4009999999998,,,,2857937.2,32341170.0,1090244.0,,,,,17.29185158956643,,5.94500691047986
NE,2022,71622.0,9655.201,633.304,418.549,7015.558999999999,1738.451,10078.8,7683.900000000001,27984309.0,2989152.0999999996,33844105.0,1099867.0,0.00029780075437066514,0.00022703806172448646,0.04152766202325674,0.06283525816565465,17.337275391491872,9.21818948691958,6.0367939679023985
NE,2023,77105.0,15418.948,694.86,485.66999999999996,6714.838,2428.8360000000002,10777.2,7074.200000000001,28418852.0,3069592.1,33571199.0,1117487.0,0.0003210251739891685,0.00021072229204563116,0.04506458078165014,0.06447500278365438,17.329179084731866,9.285188070464905,6.185529380921524
NH,2015,8559.0,8.0,52.0,52.0,0.0,0.0,,,,1761971.7,16047495.0,839745.0,,,,,16.591063320593012,,3.9512437185814275
NH,2016,,,,,,,,,,1707204.1,16430366.0,854058.0,,,,,16.614641766089136,,
NH,2017,5500.0,6.0,40.0,5.2,310.0,3.0,,,,1744272.2,16463490.0,882741.0,,,,,16.616655759899796,,1.6486586255873816
NH,2018,5500.0,6.0,40.0,5.2,307.0,0.0,,,,1879514.1,16763210.0,884212.0,,,,,16.634697162125473,,1.6486586255873816
NH,2019,3133.0,6.3,43.933,1.3,238.18,220.662,,,,1837537.0,16142146.0,875570.0,,,,,16.59694417355359,,0.26236426446749106
NH,2020,5786.0,5.5,2.6,5.566000000000001,497.562,234.275,,,,1778660.4000000001,15822083.0,871061.0,,,,,16.576917180409914,,1.7166766631036992
NH,2021,5717.0,4.158,2.6,10.959999999999999,387.085,666.717,,,,1887957.7,15961633.0,866813.0,,,,,16.585698463047517,,2.3942522815198695
NH,2022,6708.0,4.432,5.8420000000000005,13.497,653.04,297.51199999999994,2456.5,1932.4,5906158.0,2279091.2,15782324.0,870178.0,0.00015564881319126385,0.00012244077614931742,0.005494402605332791,0.0023781803378790964,16.574401137569787,7.806492851608703,2.602467438527145
NH,2023,6188.0,6.067,5.0120000000000005,11.534,711.658,404.36199999999997,2299.4,1899.1,5043091.0,2440522.4,16494764.0,953198.0,0.00013940181259944066,0.00011513350539601536,0.005016091154214143,0.0021796990519265896,16.6185535551766,7.7404034983196395,2.445299195193221
NJ,2015,170283.0,206.0,146.60000000000002,67.9,1306.0,3844.0,,,,10369831.9,111298637.0,4568676.0,,,,,18.527727569989295,,4.21803603456465
NJ,2016,165462.0,205.0,143.3,51.2,1190.0,3018.0,,,,10081522.1,111507740.0,4630748.0,,,,,18.529604563495553,,3.9357395320454622
NJ,2017,144336.0,612.0,119.5,51.0,989.0,773.0,,,,9777072.4,109237880.0,4712200.0,,,,,18.50903844757077,,3.9318256327243257
NJ,2018,136988.0,613.0,128.3,62.3,8.0,2273.0,,,,10057439.9,111614630.0,4672300.0,,,,,18.530562692509488,,4.131961425793407
NJ,2019,43558.0,612.0,52.6,52.6,15.0,1171.208,,,,9922178.7,107389818.0,4674339.0,,,,,18.491975931075537,,3.9627161197436642
NJ,2020,39752.0,0.0,48.0,48.0,0.0,116.0,,,,9816347.0,103398781.0,4722745.0,,,,,18.45410373080083,,3.871201010907891
NJ,2021,,,,,,,,,,10235027.5,103703249.0,4664702.0,,,,,18.45704400347077,,
NJ,2022,18548.0,7.68,1.33,1.33,195.473,13.26,13627.2,8722.4,34248362.0,11020878.1,103256218.0,4605810.0,0.00013197461871012942,8.447336314409656e-05,9.759891980744394e-05,9.759891980744394e-05,18.45272401075239,9.519823074386817,0.28517894223366247
NJ,2023,30188.0,35.129999999999995,14.73,14.73,196.649,13.952,12799.5,8376.2,33517044.0,10855652.9,97494689.0,4575195.0,0.00013128407435609134,8.591442350259716e-05,0.0011508262041485997,0.0011508262041485997,18.395308462689563,9.45716138664475,2.689886230474539
NM,2015,39967.0,1400.0,68.0,54.5,2602.0,5349.0,,,,2222640.6,23093553.0,1022426.0,,,,,16.955064045629815,,3.9982007016691985
NM,2016,46095.0,1710.0,64.89999999999999,60.9,2512.0,4899.0,,,,2100938.6,23039547.0,1027969.0,,,,,16.95272273214034,,4.109233174715851
NM,2017,46704.0,430.0,68.7,64.9,2086.0,4217.0,,,,2207689.4,23009584.0,1033588.0,,,,,16.951421382752073,,4.1728476237100445
NM,2018,48721.0,1068.0,68.3,58.099999999999994,2284.0,4622.0,,,,2249649.3,24048611.0,1043075.0,,,,,16.995587798170423,,4.062165663857866
NM,2019,49037.0,324.123,65.813,44.173,2509.465,4930.219,,,,2235999.3,24880134.0,1049502.0,,,,,17.02958021167284,,3.788113742704326
NM,2020,47028.0,1253.0,65.3,51.4,2733.0,4432.0,,,,2312890.5,24777155.0,1060780.0,,,,,17.025432617243148,,3.9396381724611196
NM,2021,58415.0,746.1,88.606,54.6,152.0,7360.0,,,,2487264.3000000003,25393743.0,1070078.0,,,,,17.050013363059755,,4.000033882750859
NM,2022,63075.0,819.9,78.33,53.62,460.0,7792.0,3215.1,2487.5,15851760.0,2721639.6,27156178.0,1077529.0,0.00011839294911088003,9.159978256144882e-05,0.016677552797735685,0.024363161332462444,17.117115129103066,8.07561374038706,3.981922132807813
NM,2023,68342.0,490.8,97.7,55.5,98.0,9001.0,3199.2,2541.7000000000003,16025877.0,2685307.3,28347490.0,1085187.0,0.00011285655273182916,8.966225933936304e-05,0.01734808702175544,0.0305388847211803,17.160049048063275,8.07065605753261,4.0163830207523885
NV,2015,75603.0,25852.0,214.7,169.20000000000002,1667.0,14407.0,,,,3412921.9,38324997.0,1290405.0,,,,,17.461612904444262,,5.131081447172123
NV,2016,80482.0,27769.0,226.9,142.9,2436.0,14331.0,,,,3030715.4,38785071.0,1308927.0,,,,,17.473545962510048,,4.9621450849358215
NV,2017,85160.0,34712.0,247.1,229.2,1768.0,17556.0,,,,3211681.6999999997,40512903.0,1429918.0,,,,,17.517131073929516,,5.434594984840585
NV,2018,90179.0,32509.0,205.9,188.8,1734.0,17911.0,,,,3277128.4,42598368.0,1352118.0,,,,,17.5673265006466,,5.240688253711401
NV,2019,79770.0,31648.0,176.4,168.0,1282.18,12696.759999999998,,,,3247118.2,41527176.0,1375922.0,,,,,17.541858614258057,,5.123963979403259
NV,2020,76580.0,25399.0,181.79999999999998,179.0,1351.2,10165.4,,,,3186540.1,43303597.0,1399659.0,,,,,17.583746261115998,,5.187385805840755
NV,2021,80306.0,27948.0,188.29999999999998,174.0,1186.5,10287.4,,,,3350816.1999999997,43785637.0,1424415.0,,,,,17.594816399193945,,5.159055299214529
NV,2022,86812.0,27215.0,168.39999999999998,141.8,1217.3,13017.0,8767.0,4819.2,34141611.0,4301693.6,45636761.0,1447507.0,0.0001921039050076319,0.00010559908053071514,0.016174289950952436,0.019208395118056346,17.63622411199104,9.078749951588586,4.954417614098027
NV,2023,86812.0,36621.0,174.1,154.1,1918.16,14262.81,8901.4,4636.5,32729399.0,5006069.0,44646878.0,1467536.0,0.00019937340299583769,0.0001038482466791967,0.017311883523940055,0.019558721100051676,17.61429494122961,9.09396384672014,5.03760174232607
NY,2015,54070.0,8.0,522.5,45.4,16510.0,10740.0,,,,22747297.4,227426278.0,9807896.0,,,,,19.24233669109159,,3.8155121050473024
NY,2016,54709.0,12788.0,968.1,887.0000000000001,47838.0,13733.0,,,,21387763.4,225175587.0,9839893.0,,,,,19.23239104249201,,6.787844982309579
NY,2017,39471.0,665.0,655.6,508.90000000000003,4487.0,4839.0,,,,21366152.0,220948992.0,9829298.0,,,,,19.21344242741249,,6.232251533594787
NY,2018,85544.0,14301.0,813.5,701.4,56205.0,15151.0,,,,22233054.2,226567745.0,9755731.0,,,,,19.23855455309013,,6.5530783377060775
NY,2019,94139.0,5825.854,795.0029999999999,601.9409999999999,53617.624,11407.301,,,,20883531.1,218100779.0,9765678.0,,,,,19.200467802921555,,6.4001594338613375
NY,2020,80977.0,5755.682,871.957,657.097,31889.0,4180.9,,,,20872148.1,206728183.0,9727405.0,,,,,19.14691536272087,,6.487831648378258
NY,2021,101582.0,22235.152,792.706,628.094,32919.052,5172.642,,,,22782820.4,207288942.0,9649389.0,,,,,19.149624233002033,,6.442689836795699
NY,2022,123689.0,15028.695,798.359,665.6410000000001,39979.201,6033.306,44613.2,33403.5,120801044.0,26245822.4,207776907.0,9594650.0,0.00021471683568761565,0.0001607661817778431,0.014920270233921801,0.01789512969255736,19.151975499558816,10.705785058344974,6.500750486167578
NY,2023,157869.0,9287.623,1246.362,1119.948,40509.795,6681.858,42607.0,34392.8,119408404.0,25482034.8,201563180.0,9519147.0,0.0002113828527611045,0.00017063037009041037,0.026285539934752508,0.029252517192010705,19.121613438592085,10.659773838007359,7.021037534639873
OH,2015,226036.0,1829.0,887.0999999999999,252.5,31627.0,2178.0,,,,14885537.2,246558720.0,8093722.0,,,,,19.32311073808847,,5.531411248715415
OH,2016,188435.0,2884.0,835.4,57.7,3908.0,2049.0,,,,14825054.6,251859550.0,8089473.0,,,,,19.34438214883348,,4.055257173514054
OH,2017,127318.0,1876.0,671.0,42.5,24042.0,273.0,,,,14433075.2,248080010.0,8203222.0,,,,,19.329261873066045,,3.7495040759303713
OH,2018,166921.0,4046.0,621.0,64.2,35210.0,972.0,,,,15202979.8,259001548.0,8373204.0,,,,,19.372344596479927,,4.162003210695915
OH,2019,122406.0,2547.1090000000004,1176.961,659.244,33159.685,246.57999999999998,,,,14229116.0,251438719.0,8400481.0,,,,,19.34270985578582,,6.4910937239405575
OH,2020,168394.0,2636.143,732.486,648.254,26114.105,998.8,,,,13459729.3,240972424.0,8469355.0,,,,,19.300193061671578,,6.474282594858664
OH,2021,122706.0,2444.4069999999997,669.878,651.182,28538.739,287.85,,,,14423860.2,251623586.0,8623467.0,,,,,19.343444822435018,,6.478789173028662
OH,2022,123120.0,2705.0130000000004,665.655,659.153,27727.733,284.1,68100.2,58193.0,150346588.0,15906229.2,242017967.0,8476515.0,0.00028138489403970574,0.00024044909029419291,0.00967916393784453,0.009774640896796192,19.30452252516668,11.128735428990854,6.490955677509711
OH,2023,123254.0,1442.087,670.927,670.683,31307.293,185.212,65145.8,60106.8,142685831.0,16187373.1,241850932.0,8529719.0,0.0002693634440904284,0.0002485282959339599,0.01029510728243417,0.010298852727267145,19.303832110854124,11.084383113859428,6.508296596131709
OK,2015,9442.0,16798.0,606.8,455.3,12534.0,16651.0,,,,4845986.7,61336385.0,2020012.0,,,,,17.931883781102172,,6.120956542340736
OK,2016,18274.0,3805.0,750.3,626.8,10158.0,5617.0,,,,4814110.1,61516554.0,2033942.0,,,,,17.93481686728851,,6.440627510481866
OK,2017,134251.0,27888.0,390.20000000000005,241.8,7030.0,4512.0,,,,4962910.1,60492128.0,2051083.0,,,,,17.91802379883281,,5.488110938180692
OK,2018,110963.0,29394.0,369.4,227.3,14883.0,4319.0,,,,5224240.100000001,64575316.0,2066555.0,,,,,17.983342790468853,,5.426270730858498
OK,2019,134365.0,11292.075,316.778,185.442,3884.961,1224.953,,,,5092298.9,64795946.0,2082702.0,,,,,17.98675359763704,,5.222742164692902
OK,2020,144687.0,14849.794,310.074,129.33,4145.945,861.065,,,,4752124.3,62299305.0,2106289.0,,,,,17.947460827997222,,4.862367277427153
OK,2021,134852.0,15744.322999999999,284.09700000000004,149.002,7826.843,2482.538,,,,5495412.2,64525137.0,2135843.0,,,,,17.982565426774755,,5.0039597286741655
OK,2022,140566.0,15985.599,333.22,134.105,10055.36,3028.842,27100.5,25200.4,86456494.0,6983513.3,69486942.0,2159508.0,0.0003900085285088528,0.0003626638225063927,0.0049484326857438055,0.012295714101215846,18.056649407990356,10.207307456882091,4.898623075200297
OK,2023,121027.0,15318.735,461.504,166.07899999999998,16509.257999999998,2517.496,27443.1,21725.600000000002,85489482.0,6415325.5,68978840.0,2181921.0,0.000397848093705258,0.000314960355958436,0.006051758001100458,0.016816759039612873,18.049310348863028,10.2198700492197,5.112463578764792
OR,2015,1314.0,973.0,53.9,55.3,1009.0,872.0,,,,4133956.1,49158052.0,1941760.0,,,,,17.71055121616503,,4.012772908528289
OR,2016,1318.0,335.0,38.2,22.6,520.0,1211.0,,,,4181825.4000000004,49361465.0,1963355.0,,,,,17.71468061702372,,3.1179499062782403
OR,2017,1521.0,348.0,36.6,17.1,527.0,1223.0,,,,4409228.0,52528923.0,1984680.0,,,,,17.776874490150004,,2.8390784635086144
OR,2018,18681.0,177.0,44.2,28.3,1195.0,4427.0,,,,4363561.7,51920022.0,2013621.0,,,,,17.76521505408883,,3.342861804649192
OR,2019,121965.0,177.0,89.127,65.621,1979.172,10319.914,,,,4438289.8,53076552.0,2030099.0,,,,,17.787245806765256,,4.183895766673164
OR,2020,117670.0,0.0,1088.56,79.493,2538.433,8479.916,,,,4501783.3,53797756.0,2051838.0,,,,,17.80074231422495,,4.3756689674691644
OR,2021,157791.0,0.0,154.893,60.22,3613.0,7291.135,,,,4847374.3,57077667.0,2075040.0,,,,,17.859923477277903,,4.0980045230535875
OR,2022,167065.0,0.0,168.42999999999998,9.0,4632.6,6559.61,27811.6,28506.7,95934429.0,5216790.0,59359888.0,2098091.0,0.00046852514276981113,0.00048023507052439185,0.00032360597736196407,0.006056106085230622,17.899129270029167,10.233208478834452,2.1972245773362196
OR,2023,174273.0,0.0,167.28,16.0,474.664,1064.306,28422.8,28333.0,96918740.0,5981538.1,61014831.0,2115218.0,0.00046583428216002103,0.0004643625088464147,0.0005629283532938346,0.00588541593368704,17.92662752373354,10.254946918965588,2.772588722239781
PA,2015,69649.0,869.0,102.9,101.5,6762.0,1464.0,,,,15094853.6,244643590.0,8045278.0,,,,,19.315312974661293,,4.620058798481842
PA,2016,64010.0,200.0,64.3,63.3,3160.0,3222.0,,,,14806260.2,243713855.0,8131867.0,,,,,19.311505369667113,,4.147885329150131
PA,2017,139245.0,3872.0,768.2,445.5,4042.0,11912.0,,,,14481196.6,240494571.0,8138540.0,,,,,19.298208073450724,,6.099197246910864
PA,2018,381139.0,164431.0,691.1,615.2,6113.0,10495.0,,,,15045455.2,248130672.0,8077388.0,,,,,19.3294660685903,,6.421947418191435
PA,2019,378037.0,163347.9,615.952,557.275,7630.445,12445.824,,,,14281863.6,240594185.0,7996370.0,,,,,19.298622192467977,,6.3230588344269965
PA,2020,346366.0,154508.4,584.886,499.12,4860.093,11741.357,,,,13549240.799999999,228374619.0,7957355.0,,,,,19.24649790435235,,6.212846547802531
PA,2021,45080.0,0.0,45.0,43.0,0.0,3196.233,,,,14288772.8,232615422.0,7870365.0,,,,,19.264897098516435,,3.7612001156935624
PA,2022,42567.0,0.0,42.446,42.446,0.0,2879.043,28735.8,29242.8,133141613.0,17209233.8,232021290.0,7773906.0,0.0001238498415382485,0.00012603498584117,0.0014771121736649058,0.0014771121736649058,19.26233969266161,10.265899011166793,3.7482326798134493
PA,2023,42568.0,0.0,42.646,42.446,0.0,3082.579,27991.0,27268.3,124781915.0,17435877.4,224675617.0,7793409.0,0.00012458405755707796,0.00012136742012374222,0.001516415990854203,0.0015235611446536388,19.23016821769388,10.239638308916676,3.7482326798134493
RI,2015,,,,,,,,,,1303970.0,10769163.0,546350.0,,,,,16.1921973302351,,
RI,2016,,,,,,,,,,1224972.2,11024956.0,561017.0,,,,,16.215671988359514,,
RI,2017,,,,,,,,,,1212716.1,10832404.0,567900.0,,,,,16.19805257033676,,
RI,2018,,,,,,,,,,1372759.3,11056912.0,569127.0,,,,,16.21856631073371,,
RI,2019,,,,,,,,,,1358809.4,10676837.0,569884.0,,,,,16.18358718658329,,
RI,2020,,,,,,,,,,1362926.3,10602735.0,562526.0,,,,,16.176622544669076,,
RI,2021,,,,,,,,,,1364268.6,10662616.0,564271.0,,,,,16.1822543499726,,
RI,2022,,,,,,,2306.2,1533.8000000000002,6314570.0,1462184.5,10822650.0,558276.0,0.00021309013966080395,0.00014172129746411463,,,16.197151718216084,7.743356427337016,
RI,2023,,,,,,,2148.8,1626.6,5854092.0,1578512.7,11039731.0,613189.0,0.00019464242380543513,0.0001473405466129564,,,16.21701123257434,7.672664825768973,
SC,2015,162122.0,11231.0,1237.3999999999999,252.0,66483.0,14082.0,,,,7792174.600000001,81328246.0,2547979.0,,,,,18.214003943452756,,5.529429087511423
SC,2016,137077.0,4301.0,1178.8,67.2,91700.0,5235.0,,,,7788224.5,79577550.0,2583254.0,,,,,18.192242575859332,,4.207673247529104
SC,2017,144236.0,15231.0,1239.3,70.0,120793.0,6808.0,,,,7782586.4,78096757.0,2629010.0,,,,,18.173459090260202,,4.248495242049359
SC,2018,93091.0,14992.0,1094.7,749.1999999999999,114379.0,6023.0,,,,7891240.5,81641138.0,2671366.0,,,,,18.217843835054236,,6.619005970569933
SC,2019,157677.0,1766.78,1355.3020000000001,76.888,120257.891,5667.263,,,,8035727.2,80205620.0,2719891.0,,,,,18.200104145194587,,4.342349817520983
SC,2020,174217.0,1352.19,1270.0140000000001,64.959,109478.099,5405.52,,,,7596719.7,76737176.0,2776022.0,,,,,18.155896842522953,,4.173756301646263
SC,2021,163466.0,1753.85,1208.171,58.863,119548.683,5625.518,,,,7947387.0,79792136.0,2832360.0,,,,,18.19493551119811,,4.075212709906074
SC,2022,168391.0,20067.097,1280.678,712.341,117758.173,8208.309,19599.9,21665.2,53773499.0,8884763.4,82758432.0,2879866.0,0.00023683266497847617,0.0002617884302109542,0.036344114000581636,0.06534104765840643,18.231436464311237,9.883279743164778,6.568556729344641
SC,2023,172123.0,2011.858,1463.617,93.733,99058.231,9993.553,20190.2,18532.7,53361991.0,8523180.700000001,81202185.0,2932708.0,0.00024864109260114124,0.00022822908028891095,0.004642499826648572,0.07249145625105248,18.212452713636864,9.912952617151827,4.5404503150743105
SD,2015,30413.0,1022.0,152.7,105.6,4006.0,2196.0,,,,1146219.5,12101979.0,461994.0,,,,,16.308879550912526,,4.659658371272161
SD,2016,30979.0,1076.0,168.5,125.3,2938.0,2089.0,,,,1192775.8,12129530.0,466783.0,,,,,16.31115353326106,,4.8307108619020225
SD,2017,32129.0,1136.0,203.0,117.4,3021.0,2025.0,,,,1237570.0999999999,12313675.0,471719.0,,,,,16.32622099138127,,4.765586907393996
SD,2018,33484.0,1175.0,211.8,131.0,3099.0,2055.0,,,,1281529.7,12856938.0,476179.0,,,,,16.369394145778955,,4.875197323201151
SD,2019,35956.0,1313.887,216.921,129.784,2980.168,2385.606,,,,1281412.3,12868931.0,481355.0,,,,,16.37032651473946,,4.865871530108098
SD,2020,31326.0,144.76,173.887,108.25999999999999,2975.5170000000003,2231.558,,,,1276994.0,12695845.0,485877.0,,,,,16.356785332544227,,4.6845357413688316
SD,2021,32581.0,122.702,174.856,126.932,2056.596,985.065,,,,1360062.5,13041391.0,491795.0,,,,,16.383638780552893,,4.843651509992251
SD,2022,33471.0,227.811,179.263,148.05599999999998,2054.641,1047.051,4235.7,4161.1,11603857.0,1405473.5,13467064.0,499716.0,0.0003145228982352798,0.0003089834577158021,0.03495431687796586,0.04232193025946125,16.415757558778502,8.35130388268359,4.997590580575447
SD,2023,32752.0,129.001,93.291,60.466,1432.442,547.0029999999999,4334.3,3976.7,11740378.0,1416288.5,13505999.0,507833.0,0.0003209166534071267,0.0002944395301672982,0.013950580255173846,0.021523890824354564,16.418644515075755,8.374315399820684,4.102081223593823
TN,2015,1079.0,6355.0,974.9,270.4,25129.0,2550.0,,,,9263372.6,99632108.0,3260708.0,,,,,18.416995040082863,,5.599902344168809
TN,2016,1091.0,6045.0,641.0,440.0,24405.0,3216.0,,,,9299077.8,100758439.0,3293512.0,,,,,18.428236517069845,,6.0867747269123065
TN,2017,1060.0,7502.0,973.9,471.3,4954.0,4929.0,,,,9185018.0,97239885.0,3333187.0,,,,,18.39269152477061,,6.155494833929685
TN,2018,1005.0,7668.0,819.0,478.0,27553.0,3312.0,,,,9861199.7,102911183.0,3375569.0,,,,,18.449376873227692,,6.169610732491456
TN,2019,1021.0,6469.0,680.0,308.0,24679.0,2968.0,,,,9677834.5,99829100.0,3413429.0,,,,,18.418970281945917,,5.730099782973574
TN,2020,1020.0,6602.0,624.9,416.3,25486.0,2863.0,,,,9045651.7,95003888.0,3433086.0,,,,,18.369428375043146,,6.03140615420093
TN,2021,1085.0,4758.0,499.5,443.8,28714.0,1136.0,,,,9738253.1,99621137.0,3537456.0,,,,,18.416884918915088,,6.095374010498493
TN,2022,1079.0,19138.0,758.3,652.4,33540.0,1132.0,52498.9,56000.8,116047361.0,11124332.4,102112051.0,3587705.0,0.0005141303057363915,0.0005484249846279162,0.012426927040376083,0.014444112162350068,18.441581307511566,10.868547495979259,6.4806578707468585
TN,2023,1177.0,2871.0,722.0,246.0,35321.0,1050.0,52923.5,44315.4,112576286.0,10588538.0,99046005.0,3639435.0,0.0005343325053847452,0.0004474223872027953,0.004648218655228774,0.013642332801118595,18.411094997130363,10.876602753608037,5.5053315359323625
TX,2015,329517.0,6774.0,787.8,581.9,19341.0,3887.0,,,,34124299.7,392337354.0,11849725.0,,,,,19.78763262459229,,6.366298611662624
TX,2016,347429.0,10580.0,867.1,639.9,31990.0,4751.0,,,,33588069.1,398661809.0,12074534.0,,,,,19.803624018949897,,6.461311914145415
TX,2017,366016.0,10159.0,951.3,701.0,32003.0,4411.0,,,,33677746.7,401880374.0,12439066.0,,,,,19.811665025184013,,6.55250788703459
TX,2018,296882.0,22989.0,1035.6,756.9,34433.0,3638.0,,,,35993641.1,424418628.0,12865651.0,,,,,19.866230856295047,,6.6292311443151215
TX,2019,675992.0,28796.214,953.667,667.929,30683.779000000002,4607.426,,,,36910421.9,429343404.0,13136180.0,,,,,19.877767632207103,,6.504181880462587
TX,2020,698164.0,58442.853,1020.198,669.821,26046.11,3849.514,,,,35705756.8,426863267.0,13319015.0,,,,,19.871974302113635,,6.5070105125112
TX,2021,715537.0,59211.648,979.69,684.192,27481.66,3949.259,,,,39797332.7,435627878.0,13660929.0,,,,,19.89229894605695,,6.52823857998757
TX,2022,757627.0,89606.646,1039.383,773.78,30446.517,4173.897,100722.2,94338.5,549311366.0,48285041.9,475401192.0,13960246.0,0.00021186779018425347,0.0001984397632726171,0.007682318297257208,0.010319303986608713,19.979669620249446,11.520121511212007,6.65128759546043
TX,2023,743269.0,108910.35,950.476,717.924,31655.71,4419.048,106402.6,93003.1,567304380.0,49471099.800000004,492820385.0,14191104.0,0.00021590543581106127,0.0001887160166883113,0.006747241138844351,0.008932826829419581,20.01565533499363,11.574985291681351,6.576363713863589
UT,2015,103521.0,0.0,108.5,95.0,2621.0,2623.0,,,,2579467.6,30192350.0,1152720.0,,,,,17.223099138998105,,4.553876891600541
UT,2016,108422.0,0.0,259.5,122.6,2258.0,2961.0,,,,2631611.0,30179534.0,1175934.0,,,,,17.22267457049557,,4.808927023502111
UT,2017,108634.0,0.0,265.0,123.2,2260.0,2296.0,,,,2631505.3,30589021.0,1200000.0,,,,,17.2361517116921,,4.81380905109942
UT,2018,105772.0,68.0,265.8,128.7,2184.0,2785.0,,,,2565209.5,31242408.0,1230882.0,,,,,17.25728696063101,,4.857484114602081
UT,2019,93293.0,41.05,243.43,123.80000000000001,3495.293,2754.819,,,,2565332.8,31142565.0,1258571.0,,,,,17.254086090920104,,4.818667360250496
UT,2020,92035.0,261.0,277.8,263.096,3581.552,3138.75,,,,2619451.6,31663157.0,1289251.0,,,,,17.270664323175485,,5.5725189845859395
UT,2021,94200.0,245.283,292.561,273.22900000000004,3776.353,2481.347,,,,2726417.9,32677627.0,1326298.0,,,,,17.302201212100513,,5.610310271404335
UT,2022,94162.0,334.357,334.711,288.00800000000004,6771.988,3975.8779999999997,2698.1000000000004,1842.1,5730075.0,2937782.9,33365501.0,1360219.0,8.086496288486723e-05,5.5209720962979095e-05,0.10674474630295393,0.12405433453170749,17.323033019942162,7.900303100573047,5.662988257527928
UT,2023,97229.0,368.7,318.343,302.17100000000005,6319.494,5989.583,2797.1,1946.5,5673827.0,3012476.0,33343537.0,1397331.0,8.388732125209152e-05,5.8377130176681616e-05,0.1080301026062708,0.11381180508383684,17.32237451844215,7.936338445154914,5.710993082295451
VA,2015,241403.0,980.0,325.8,198.3,6050.0,7890.0,,,,10425468.0,112256095.0,3764232.0,,,,,18.53629338155351,,5.28978103552575
VA,2016,199384.0,1686.0,447.0,242.5,5826.0,7762.0,,,,10210867.700000001,112912086.0,3797631.0,,,,,18.542120073877552,,5.491001710377538
VA,2017,186898.0,1931.0,411.1,199.2,5065.0,4234.0,,,,10234061.6,112112762.0,3824537.0,,,,,18.535015726344007,,5.294309345150498
VA,2018,189253.0,1890.0,312.1,107.3,5567.0,5334.0,,,,11204474.7,118942824.0,3866404.0,,,,,18.59415346502459,,4.675628649636653
VA,2019,178365.0,1844.748,307.746,132.68,4741.591,17704.442,,,,11270978.4,120040968.0,3902672.0,,,,,18.6033436424826,,4.887940214078852
VA,2020,167876.0,996.63,260.467,165.17700000000002,4287.021,17548.174,,,,10739813.4,121683632.0,3948451.0,,,,,18.616935054253542,,5.107017626212555
VA,2021,156660.0,841.0699999999999,201.828,132.722,3742.698,4661.0470000000005,,,,11449573.5,133363458.0,3998018.0,,,,,18.708588725884677,,4.888256715087515
VA,2022,129126.0,1146.031,183.467,101.347,5984.8369999999995,18466.429,24204.100000000002,26382.7,121906650.0,14215045.6,141121901.0,4024917.0,0.0001715120036542025,0.0001869497208657925,0.004187183163183096,0.007579996777405481,18.765134620937012,10.094277319282181,4.618550272065237
VA,2023,87036.0,1081.493,149.98,113.044,5623.579,1637.535,25620.5,23169.1,124967319.0,14127919.100000001,140665430.0,4061458.0,0.00018213785718353115,0.00016471068975511607,0.0044122480045276245,0.005853906051794461,18.761894791824336,10.151148091263414,4.727777123454389
VT,2015,15960.0,0.0,19.0,14.7,709.0,0.0,,,,795352.1,5521109.0,365901.0,,,,,15.524089303871513,,2.6878474937846906
VT,2016,15539.0,0.0,19.0,15.0,686.0,0.0,,,,797870.7000000001,5516450.0,368070.0,,,,,15.523245095423485,,2.70805020110221
VT,2017,15389.0,0.0,20.0,4.1,444.0,0.0,,,,791895.7000000001,5423662.0,370245.0,,,,,15.506281791026451,,1.410986973710262
VT,2018,16427.0,0.0,30.6,20.1,1435.0,0.0,,,,837032.0,5530948.0,372379.0,,,,,15.525869787377747,,3.0007198150650303
VT,2019,17086.0,0.0,32.3,27.36,1478.0,0.0,,,,833822.9,5427664.0,374742.0,,,,,15.507019396768172,,3.3090820927543496
VT,2020,17890.0,0.0,31.36,27.74,1372.0,0.0,,,,870587.1,5331458.0,376754.0,,,,,15.48913530470138,,3.3228754148866853
VT,2021,18413.0,0.0,45.39,22.99,1120.6,0.0,,,,884485.5,5412696.0,380095.0,,,,,15.504257863108359,,3.1350593387750902
VT,2022,19009.0,0.0,50.68,0.0,604.4,0.0,826.5,843.8,4984080.0,929630.8,5470471.0,382685.0,0.00015108388290514655,0.0001542463162678314,0.0,0.06131881427707199,15.514875276724158,6.717199917261079,
VT,2023,20282.0,0.0,57.74,31.31,1214.0,0.0,797.5,860.7,4886635.0,940413.1,5364023.0,385147.0,0.00014867572342624184,0.00016045792495669763,0.039260188087774296,0.0724012539184953,15.495224811219405,6.6814818346589995,3.443937535338314
WA,2015,,,,,,,,,,6669083.9,92129170.0,3340040.0,,,,,18.338702172035525,,
WA,2016,,,,,,,,,,6827186.6,90970890.0,3382680.0,,,,,18.32605012319548,,
WA,2017,,,,,,,,,,7298543.8,94257134.0,3446550.0,,,,,18.36153707373557,,
WA,2018,,,,,,,,,,7200448.6,92034518.0,3488540.0,,,,,18.3376742602972,,
WA,2019,,,,,,,,,,7324780.7,93374817.0,3542253.0,,,,,18.352132241575976,,
WA,2020,0.0,0.0,0.0,0.0,0.0,0.0,,,,7225703.0,88926516.0,3584886.0,,,,,18.303320923727696,,
WA,2021,266.0,0.0,0.165,0.154,12.908,109.677,,,,7717811.8,90444912.0,3641182.0,,,,,18.320251516150403,,-1.870802676568508
WA,2022,575.0,0.0,0.165,0.154,21.0,78.0,16030.3,19479.8,85548547.0,8227284.8,93198031.0,3698246.0,0.00017200256086955312,0.00020901514539507814,9.60680710903726e-06,1.0293007616825637e-05,18.350237152823208,9.682235960338021,-1.870802676568508
WA,2023,525092.0,60.48,24.904999999999998,18.129,1048.492,1919.481,16131.199999999999,19079.1,84455868.0,8576907.3,91823104.0,3747919.0,0.00017567691895930678,0.0002077810395083137,0.0011238469549692523,0.0015439024995040666,18.33537450148515,9.688510563888311,2.8975128660475313
WI,2015,144472.0,13507.0,1046.0,129.1,46473.0,3629.0,,,,7372300.3,68698932.0,3000210.0,,,,,18.04524421122021,,4.860587297852597
WI,2016,143994.0,17766.0,754.6,109.8,27935.0,1908.0,,,,7443497.100000001,69736338.0,3017146.0,,,,,18.060232088512784,,4.69866052907543
WI,2017,141698.0,16991.0,948.5999999999999,106.5,41406.0,1868.0,,,,7430356.9,69079109.0,3038715.0,,,,,18.0507629130704,,4.66814498514948
WI,2018,139440.0,19543.0,1200.8,441.2,37236.0,1804.0,,,,7508195.5,70959549.0,3060592.0,,,,,18.077620540252052,,6.089498287379348
WI,2019,125439.0,13898.803,726.652,140.97,31027.065,1934.789,,,,7370278.8,69157540.0,3082372.0,,,,,18.051897648453284,,4.948547101782834
WI,2020,53931.0,12785.887999999999,567.124,48.866,21798.207,1007.659,,,,7300487.1,67448361.0,3108363.0,,,,,18.026872840841705,,3.8890818581265787
WI,2021,56323.0,713.848,482.481,94.591,12857.778,1106.035,,,,7645276.8,69426615.0,3129246.0,,,,,18.055780853400073,,4.549562334111262
WI,2022,56766.0,1261.06,484.728,118.768,12085.423,1541.074,28514.3,21118.100000000002,61544395.0,8351161.4,69875871.0,3155563.0,0.0004080707630821518,0.0003022230663858201,0.004165208334063961,0.016999470441147073,18.062230954478128,10.258160994806065,4.777172010375192
WI,2023,62204.0,1881.2640000000001,560.708,117.866,14076.451000000001,2235.686,29329.7,20626.3,60481153.0,8719233.3,68563904.0,3184341.0,0.000427771732484778,0.00030083321976531556,0.004018656856360618,0.019117413406887898,18.043276773456423,10.286355933484137,4.7695483859707855
WV,2015,1021.0,1.0,176.5,176.2,0.0,0.0,,,,2620856.7,32303026.0,1014964.0,,,,,17.29067146801532,,5.171619713502079
WV,2016,1548.0,1.0,145.2,1.5,0.0,0.0,,,,2879482.0,32076146.0,1014790.0,,,,,17.283623196588433,,0.4054651081081644
WV,2017,6.0,0.0,177.0,0.0,0.0,0.0,,,,2855303.4,31709019.0,1014441.0,,,,,17.272111709422926,,
WV,2018,2408.0,54.0,179.39999999999998,2.4000000000000004,77.0,651.0,,,,2932645.6,33646813.0,1015032.0,,,,,17.33142889931711,,0.8754687373539001
WV,2019,2943.0,51.0,182.2,3.2,111.496,727.051,,,,2823180.7,33247013.0,1014453.0,,,,,17.319475486444304,,1.1631508098056809
WV,2020,2487.0,61.0,3.1999999999999997,3.1999999999999997,117.0,247.0,,,,2805954.4,32076583.0,1020492.0,,,,,17.283636820326873,,1.1631508098056809
WV,2021,2461.0,57.0,70.2,2.0,107.0,294.0,,,,2907283.2,32777988.0,1023221.0,,,,,17.30526775050663,,0.6931471805599453
WV,2022,138.0,16.0,52.800000000000004,1.5,98.0,314.0,12.7,13.7,48906.0,3213512.4,32986288.0,1024835.0,3.850084616977818e-07,4.1532408860311895e-07,0.11811023622047245,4.1574803149606305,17.311602517928897,2.5416019934645457,0.4054651081081644
WV,2023,2568.0,127.0,52.800000000000004,0.8,102.0,290.0,9.7,12.7,46282.0,3290608.0,32070687.0,1026727.0,3.0245688219899995e-07,3.9600024782755664e-07,0.08247422680412372,5.443298969072166,17.283452993329508,2.272125885509337,-0.2231435513142097
WY,2015,1179.0,65.0,16.0,4.0,56.0,0.0,,,,1349099.3,16924762.0,336471.0,,,,,16.644288314625335,,1.3862943611198906
WY,2016,1228.0,65.0,18.3,4.1,260.0,0.0,,,,1355123.9,16554870.0,337735.0,,,,,16.622190876320147,,1.410986973710262
WY,2017,1232.0,341.0,18.3,3.9,243.0,0.0,,,,1388664.0999999999,16778067.0,339370.0,,,,,16.635583055704995,,1.3609765531356006
WY,2018,1240.0,341.0,18.3,3.9,244.0,0.0,,,,1364802.5,16864678.0,341685.0,,,,,16.640731933499886,,1.3609765531356006
WY,2019,1210.0,340.8,18.14,3.9000000000000004,239.81300000000002,182.942,,,,1358430.7,16763496.0,344500.0,,,,,16.63471422315139,,1.3609765531356008
WY,2020,736.0,342.203,16.104,2.834,183.441,183.441,,,,1268547.7,15331018.0,345321.0,,,,,16.54538865438361,,1.0416891412684888
WY,2021,1199.0,336.159,17.959,3.854,237.321,180.201,,,,1301688.4,15784712.0,348236.0,,,,,16.57455243463832,,1.3491115699921747
WY,2022,,,,,,,1049.1,1232.7,4679063.0,1359180.5,16499429.0,351601.0,6.358401857421853e-05,7.47116763858919e-05,,,16.618836332211398,6.9556879327374395,
WY,2023,,,,,,,1022.7,1243.8000000000002,4850834.0,1409447.2,16790115.0,354100.0,6.0910839502886076e-05,7.407930201788374e-05,,,16.636300878345335,6.930201467811967,
